{
    "animation_data": {
        "frames_data": [
            {
                "frame_box": {
                    "x": 0.0,
                    "y": 0.0,
                    "width": 61.0,
                    "height": 60.0
                },
                "origin": {
                    "x": 30.5,
                    "y": 0.0
                },
                "delay": 0.09000000357627869
            },
            {
                "frame_box": {
                    "x": 61.0,
                    "y": 0.0,
                    "width": 56.0,
                    "height": 59.0
                },
                "origin": {
                    "x": 28.0,
                    "y": 0.0
                },
                "delay": 0.09000000357627869
            },
            {
                "frame_box": {
                    "x": 117.0,
                    "y": 0.0,
                    "width": 49.0,
                    "height": 54.0
                },
                "origin": {
                    "x": 24.5,
                    "y": 0.0
                },
                "delay": 0.09000000357627869
            },
            {
                "frame_box": {
                    "x": 166.0,
                    "y": 0.0,
                    "width": 31.0,
                    "height": 40.0
                },
                "origin": {
                    "x": 15.5,
                    "y": 0.0
                },
                "delay": 0.09000000357627869
            }
        ],
        "is_loop": false
    }
}