{
    "animation_data": {
        "frames_data": [
            {
                "frame_box": {
                    "x": 0.0,
                    "y": 0.0,
                    "width": 57.0,
                    "height": 49.0
                },
                "origin": {
                    "x": 28.5,
                    "y": 0.0
                },
                "delay": 0.09000000357627869
            },
            {
                "frame_box": {
                    "x": 57.0,
                    "y": 0.0,
                    "width": 57.0,
                    "height": 48.0
                },
                "origin": {
                    "x": 28.5,
                    "y": 0.0
                },
                "delay": 0.09000000357627869
            },
            {
                "frame_box": {
                    "x": 114.0,
                    "y": 0.0,
                    "width": 57.0,
                    "height": 47.0
                },
                "origin": {
                    "x": 28.5,
                    "y": 0.0
                },
                "delay": 0.09000000357627869
            },
            {
                "frame_box": {
                    "x": 171.0,
                    "y": 0.0,
                    "width": 57.0,
                    "height": 46.0
                },
                "origin": {
                    "x": 28.5,
                    "y": 0.0
                },
                "delay": 0.09000000357627869
            }
        ],
        "is_loop": false
    }
}