{
    "animation_data": {
		"frames_data": [
			{
				"frame_box": {
					"x": 0.0,
					"y": 0.0,
					"width": 56.0,
					"height": 52.0
				},
				"origin": {
					"x": 15.0,
					"y": 0.0
				},
				"delay": 0.15000000596046449
			},
			{
				"frame_box": {
					"x": 56.0,
					"y": 0.0,
					"width": 56.0,
					"height": 52.0
				},
				"origin": {
					"x": 15.0,
					"y": 0.0
				},
				"delay": 0.15000000596046449
			},
			{
				"frame_box": {
					"x": 112.0,
					"y": 0.0,
					"width": 56.0,
					"height": 52.0
				},
				"origin": {
					"x": 15.0,
					"y": 0.0
				},
				"delay": 0.15000000596046449
			},
			{
				"frame_box": {
					"x": 168.0,
					"y": 0.0,
					"width": 56.0,
					"height": 52.0
				},
				"origin": {
					"x": 15.0,
					"y": 0.0
				},
				"delay": 0.15000000596046449
			}
		],
        "is_loop": false
    }
}